domain_category,n_websites,total_violations,avg_violations_per_website,avg_violation_score_mean,avg_violation_score_median,avg_violation_score_max
e-commerce,55,2648,48.14545454545455,3.5152775002775,3.5636363636363635,4.4
educational platforms,114,4740,41.578947368421055,3.70969049832625,3.741228070175439,4.394736842105263
government and public services,81,2310,28.51851851851852,3.4177255529107384,3.3333333333333335,4.197530864197531
health and wellness,39,1123,28.794871794871796,3.5073260073260073,3.4615384615384617,4.17948717948718
news and media,118,8568,72.61016949152543,3.4532893867515004,3.48728813559322,4.61864406779661
streaming platforms,71,2838,39.971830985915496,3.446464255619185,3.4788732394366195,4.422535211267606
technology science and research,113,3802,33.64601769911504,3.636188369152971,3.6814159292035398,4.415929203539823
